{
	"head":
	{
		"name":"cube_desc_record_type",
		"type":"TYPELIST"
	},
	"record":
	{
		"elem_no":1,
		"elemlist":
		[
			"CUBE_DESC_RECORD=0x201",
		]
	}
}
{
	"head":
	{
		"name":"cube_desc_record_subtype",
		"type":"SUBTYPELIST"
	},
	"record":
	{
		"elem_no":8,
		"elemlist":
		[
			"NAMEELEM",
			"NAMELIST",
			"ENUM",
			"FLAG",
			"TYPE",
			"SUBTYPE",
			"RECORDELEM",
			"RECORD"
		]
	}
}
{
	"head":
	{
		"name":"cube_desc_record_nameelem",
		"type":"RECORDTYPE"
	},
	"record":
	{
		"type":"CUBE_DESC_RECORD",
		"subtype":"NAMEELEM",
		"struct_desc":
		{
			"elem_desc":
			[
				{"name":"name","type":"STRING","size":32},
				{"name":"struct_uuid","type":"UUID"},
				{"name":"struct_type","type":"ENUM","ref_name":"basic_record_namelist"},
				{"name":"elem_type","type":"ENUM","ref_name":"elem_namelist"},
				{"name":"value","type":"INT"},
			]
		}
	}
}
{
	"head":
	{
		"name":"cube_desc_record_namelist",
		"type":"RECORDTYPE"
	},
	"record":
	{
		"type":"CUBE_DESC_RECORD",
		"subtype":"NAMELIST",
		"struct_desc":
		{
			"elem_desc":
			[
				{"name":"name","type":"STRING","size":32},
				{"name":"struct_uuid","type":"UUID"},
				{"name":"elem_no","type":"INT"}
			]
		}
	}
}
{
	"head":
	{
		"name":"cube_audit_route_filter",
		"type":"RECORDTYPE"
	},
	"record":
	{
		"type":"CUBE_AUDIT",
		"subtype":"ROUTE_FILTER",
		"struct_desc":
		{
			"elem_desc":
			[
				{"name":"route_name","type":"STRING","size":32},
				{"name":"filter_op","type":"ENUM","ref_name":"audit_filter_op"},
				{"name":"seq_num","type":"INT"},
				{"name":"seq_counter","type":"INT"},
				{"name":"match_uuid","type":"UUID"}
			]
		}
		"index":
		{
			"flag":"INDEX",
			"elemlist":"route_name,filter_op,seq_num"
		}
	}	
}
