{
	"head":
	{
		"name":"dtype_file_process",
		"type":"TYPELIST"
	},
	"record":
	{
		"elem_no":1,
		"elemlist":
		[
			"FILE_TRANS=0x301"
		]
	}
}
{
	"head":
	{
		"name":"subtype_file_trans",
		"type":"SUBTYPELIST"
	},
	"record":
	{
		"type":"FILE_TRANS",
		"elem_no":5,
		"elemlist":
		[
			"FILE_INFO=0x01",
			"FILE_DATA",
			"REQUEST",
			"FILE_STORE",
			"NOTICE"
		]
	}
}
{
	"head":
	{
		"name":"file_info",
		"type":"RECORDTYPE"
	},
	"record":
	{
		"type":"FILE_TRANS",
		"subtype":"FILE_INFO",
		"struct_desc":
		{
			"elem_desc":
			[
				{"name":"uuid","type":"UUID"},
				{"name":"type","type":"TYPE"},
				{"name":"subtype","type":"SUBTYPE","def":"type"},
				{"name":"creater","type":"ESTRING","size":64},
				{"name":"creater_uuid","type":"UUID"},
				{"name":"file_path","type":"ESTRING","size":128},
				{"name":"file_uuid","type":"UUID"},
				{"name":"file_describe","type":"ESTRING","size":512}
			]
		},
		"index":
		{
			"flag":"INDEX",
			"elemlist":"type,subtype,creater,creater_uuid,file_path,file_uuid"
		}
	}	
}
{
	"head":
	{
		"name":"policyfile_data",
		"type":"RECORDTYPE"
	},
	"record":
	{
		"type":"FILE_TRANS",
		"subtype":"FILE_DATA",
		"struct_desc":
		{
			"elem_desc":
			[
				{"name":"uuid","type":"UUID"},
				{"name":"filename","type":"ESTRING"},
				{"name":"total_size","type":"INT"},
				{"name":"record_no","type":"INT"},
				{"name":"offset","type":"INT"},
				{"name":"data_size","type":"INT"},
				{"name":"file_data","type":"DEFINE","def":"data_size"}
			]
		}
		"index":
		{
			"flag":"INDEX",
			"elemlist":"filename,total_size,record_no,offset,data_size,file_data"
		}
	}	
}
{
	"head":
	{
		"name":"policyfile_store",
		"type":"RECORDTYPE"
	},
	"record":
	{
		"type":"FILE_TRANS",
		"subtype":"FILE_STORE",
		"struct_desc":
		{
			"elem_desc":
			[
				{"name":"uuid","type":"UUID"},
				{"name":"filename","type":"ESTRING"},
				{"name":"file_size","type":"INT"},
				{"name":"block_size","type":"INT"},
				{"name":"block_num","type":"INT"},
				{"name":"mark_len","type":"INT"},
				{"name":"marks","type":"DEFINE","def":"mark_len"}
			]
		}
	}	
}
{
	"head":
	{
		"name":"policyfile_req",
		"type":"RECORDTYPE"
	},
	"record":
	{
		"type":"FILE_TRANS",
		"subtype":"REQUEST",
		"struct_desc":
		{
			"elem_desc":
			[
				{"name":"uuid","type":"UUID"},
				{"name":"filename","type":"ESTRING"},
				{"name":"requestor","type":"ESTRING"}
			]
		}
	}	
}
{
	"head":
	{
		"name":"policyfile_notice",
		"type":"RECORDTYPE"
	},
	"record":
	{
		"type":"FILE_TRANS",
		"subtype":"NOTICE",
		"struct_desc":
		{
			"elem_desc":
			[
				{"name":"uuid","type":"UUID"},
				{"name":"filename","type":"ESTRING"},
				{"name":"result","type":"INT"}
			]
		}
	}	
}
