{
	"head":
	{
		"name":"dtype_python_http_server",
		"type":"TYPELIST"
	},
	"record":
	{
		"elem_no":1,
		"elemlist":
		[
			"HTTP_SERVER=0x401"
		]
	}
}
{
	"head":
	{
		"name":"subtype_http_server",
		"type":"SUBTYPELIST"
	},
	"record":
	{
		"type":"HTTP_SERVER",
		"elem_no":4,
		"elemlist":
		[
			"SERVER",
			"FILE",
			"ACTION",
			"RESULT"
		]
	}
}
{
	"head":
	{
		"name":"enum_http_server_type",
		"type":"NAMELIST"
	},
	"record":
	{
		"elem_no":2,
		"elemlist":
		[
			"SERVER=0x01",
			"CLIENT",
		]
	}
}
{
	"head":
	{
		"name":"enum_http_server_fileattr",
		"type":"NAMELIST"
	},
	"record":
	{
		"elem_no":4,
		"elemlist":
		[
			"NORMAL=0x01",
			"CRYPT",
			"SIGN",
			"AUTH"
		]
	}
}
{
	"head":
	{
		"name":"enum_http_server_action",
		"type":"NAMELIST"
	},
	"record":
	{
		"elem_no":5,
		"elemlist":
		[
			"START=0x01",
			"DOWNLOAD",
			"UPLOAD",
			"CHECK",
			"DELETE"
		]
	}
}
{
	"head":
	{
		"name":"enum_http_server_result",
		"type":"NAMELIST"
	},
	"record":
	{
		"elem_no":13,
		"elemlist":
		[
			"EMPTY=0x01",
			"EXIST",
			"OCCUPY",
			"ALIAS",
			"ACCORD",
			"FINISH=0x10",
			"SUCCEED",
			"ERR_NOSERVER=0x101",
			"ERR_NOTCLIENT=0x102",
			"ERR_TIMEOUT=0x103",
			"ERR_NOTCONN=0x104",
			"ERR_NOTFOUND=0x105",
			"ERR_NOTMATCH=0x106",
		]
	}
}
{
	"head":
	{
		"name":"http_server_server",
		"type":"RECORDTYPE"
	},
	"record":
	{
		"type":"HTTP_SERVER",
		"subtype":"SERVER",
		"struct_desc":
		{
			"elem_desc":
			[
				{"name":"server_name","type":"ESTRING","size":32},
				{"name":"local_type","type":"ENUM","ref_name":"enum_http_server_type"},
				{"name":"ip_addr","type":"ESTRING","size":16},
				{"name":"port","type":"INT"},
				{"name":"uuid","type":"UUID"},
				{"name":"file_dir","type":"ESTRING","size":128},
				{"name":"server_desc","type":"ESTRING","size":128}
			]
		}
	}	
}
{
	"head":
	{
		"name":"http_server_file",
		"type":"RECORDTYPE"
	},
	"record":
	{
		"type":"HTTP_SERVER",
		"subtype":"FILE",
		"struct_desc":
		{
			"elem_desc":
			[
				{"name":"file_name","type":"ESTRING","size":128},
				{"name":"uuid","type":"UUID"},
				{"name":"owner","type":"ESTRING","size":32},
				{"name":"attr_flag","type":"ENUM","ref_name":"enum_http_server_fileattr"},
				{"name":"meta_uuid","type":"UUID"},
			]
		}
	}	
}
{
	"head":
	{
		"name":"http_server_action",
		"type":"RECORDTYPE"
	},
	"record":
	{
		"type":"HTTP_SERVER",
		"subtype":"ACTION",
		"struct_desc":
		{
			"elem_desc":
			[
				{"name":"server_name","type":"ESTRING","size":32},
				{"name":"file_name","type":"ESTRING","size":128},
				{"name":"uuid","type":"UUID"},
				{"name":"action","type":"ENUM","ref_name":"enum_http_server_action"},
				{"name":"user","type":"ESTRING","size":32},
			]
		}
	}	
}
{
	"head":
	{
		"name":"http_server_result",
		"type":"RECORDTYPE"
	},
	"record":
	{
		"type":"HTTP_SERVER",
		"subtype":"RESULT",
		"struct_desc":
		{
			"elem_desc":
			[
				{"name":"server_name","type":"ESTRING","size":32},
				{"name":"file_name","type":"ESTRING","size":128},
				{"name":"uuid","type":"UUID"},
				{"name":"result","type":"ENUM","ref_name":"enum_http_server_result"},
				{"name":"user","type":"ESTRING","size":32},
				{"name":"result_desc","type":"ESTRING","size":128},
			]
		}
	}	
}
