{
	"head":
	{
		"name":"dtype_trust_demo",
		"type":"TYPELIST"
	},
	"record":
	{
		"elem_no":1,
		"elemlist":
		[
			"TRUST_DEMO=0x1010"
		]
	}
}
{
	"head":
	{
		"name":"subtype_trust_demo",
		"type":"SUBTYPELIST"
	},
	"record":
	{
		"type":"TRUST_DEMO",
		"elem_no":4,
		"elemlist":
		[
			"KEY_INFO=0x01",
			"ENCDATA_INFO",
			"FILECRYPT_INFO",
			"FILE_OPTION"
		]
	}
}
{
	"head":
	{
		"name":"trust_demo_keyinfo",
		"type":"RECORDTYPE"
	},
	"record":
	{
		"type":"TRUST_DEMO",
		"subtype":"KEY_INFO",
		"struct_desc":
		{
			"elem_desc":
			[
				{"name":"uuid","type":"UUID"},
				{"name":"vtpm_uuid","type":"UUID"},
				{"name":"ispubkey","type":"INT"},
				{"name":"owner","type":"ESTRING","size":32},
				{"name":"peer","type":"ESTRING","size":32},
				{"name":"usage","type":"ESTRING","size":32},
				{"name":"passwd","type":"ESTRING","size":32},
				{"name":"key_type","type":"ENUM","ref_name":"tpm_key_usage"}
			]
		}
	}	
}
{
	"head":
	{
		"name":"trust_demo_encdatainfo",
		"type":"RECORDTYPE"
	},
	"record":
	{
		"type":"TRUST_DEMO",
		"subtype":"ENCDATA_INFO",
		"struct_desc":
		{
			"elem_desc":
			[
				{"name":"uuid","type":"UUID"},
				{"name":"vtpm_uuid","type":"UUID"},
				{"name":"enckey_uuid","type":"UUID"},
				{"name":"filename","type":"ESTRING","size":256}
			]
		}
	}	
}
{
	"head":
	{
		"name":"trust_demo_filecryptinfo",
		"type":"RECORDTYPE"
	},
	"record":
	{
		"type":"TRUST_DEMO",
		"subtype":"FILECRYPT_INFO",
		"struct_desc":
		{
			"elem_desc":
			[
				{"name":"plain_uuid","type":"UUID"},
				{"name":"cipher_uuid","type":"UUID"},
				{"name":"vtpm_uuid","type":"UUID"},
				{"name":"encdata_uuid","type":"UUID"},
			]
		}
	}	
}
{
	"head":
	{
		"name":"trust_demo_fileoption",
		"type":"RECORDTYPE"
	},
	"record":
	{
		"type":"TRUST_DEMO",
		"subtype":"FILE_OPTION",
		"struct_desc":
		{
			"elem_desc":
			[
				{"name":"filename","type":"ESTRING","size":256},
				{"name":"option","type":"ESTRING"}
			]
		}
	}	
}
